"friendsCount","gender","homeCity","tips","lists","badges","mayorships","photos","checkins","_id"
"109","male","7316 N. Winchester Ave. Chicago, IL 60626","0","2","0","0","0","688","102525"
"16","female","Novi, MI","0","2","0","0","0","189","435696"
"30","male","Chicago, IL","0","2","0","0","0","266","519655"
"184","male","Justice, IL","1","2","0","0","0","2396","269286"
"498","male","Chicago, IL","9","4","0","0","0","5061","542340"
"30","male","Niles, IL","6","2","0","0","0","1389","450717"
"40","female","Chicago, IL","1","2","0","0","0","968","274747"
"211","male","Brooklyn, NY","44","6","0","0","0","5444","914563"
"42","male","Cedar Rapids, IA","11","5","0","0","0","1274","337870"
"121","male","Chicago, IL","0","2","0","0","0","1791","122895"
"11","female","Normal, IL","0","2","0","0","0","144","538938"
"14","male","Hamler, OH","0","2","0","0","0","208","267396"
"715","male","Chicago, IL","0","2","0","0","0","1309","533366"
"168","male","Milwaukee, WI","1","4","0","0","0","754","836077"
"20","male","Birmingham, UK","16","2","0","0","0","1581","656438"
"183","female","Ampang","0","2","0","0","0","1189","867133"
"24","female","Elmhurst, IL","0","2","0","0","0","744","345352"
"206","female","Las Vegas, NV","16","5","0","0","0","864","944331"
"33","female","Chicago, Illinois","2","2","0","0","0","0","511985"
"5","male","Riyadh, 10","1","2","0","0","0","98","499380"
"129","female","Los Angeles, CA","3","6","0","0","0","2227","808242"
"39","male","Winston-Salem, NC","11","2","0","0","0","1306","791475"
"18","male","None","0","2","0","0","0","30","418577"
"80","male","West Covina, CA","0","4","0","0","0","10362","257069"
"71","female","Cebu","0","2","0","0","0","185","917902"
"75","male","Chicago","1","5","0","0","0","225","331398"
"33","male","Chicago, IL","0","2","0","0","0","766","105385"
"70","male","St. Louis","8","2","0","0","0","1342","723626"
"50","male","None","6","2","0","0","0","625","197108"
"43","female","Chicago","2","2","0","0","0","1608","764841"
"42","female","Seoulite, KOR ✌️","16","3","0","0","0","2282","991296"
"29","male","Chicago, IL","0","2","0","0","0","1027","136519"
"175","female","East Brunswick, NJ","7","2","0","0","0","2542","178472"
"62","male","Chicago, IL","0","2","0","0","0","581","969495"
"118","female","Chicago, IL","14","2","0","0","0","853","782876"
"216","male","Ciudad Autónoma de Buenos Aires, Argentina","4","8","0","0","0","1082","158472"
"122","male","Boynton Beach, FL","34","6","0","0","0","1971","556873"
"76","male","Chicago, IL","7","2","0","0","0","4155","309234"
"183","female","Chicago, IL","0","2","0","0","0","919","170281"
"20","female","Chicago, IL","0","2","0","0","0","360","278563"
"32","male","Naperville, IL","11","2","0","0","0","800","773656"
"13","male","Chicago, IL","20","3","0","0","0","3882","116960"
"46","None","Chicago, IL","2","2","0","0","0","873","645424"
"59","male","Villa Park, IL","47","5","0","0","0","3546","257848"
"134","male","Chicago, IL","8","3","0","0","0","3433","796335"
"22","None","Chicago, IL","1","2","0","0","0","1591","710022"
"74","male","Miami, FL","1","2","0","0","0","9419","296132"
"222","male","Buffalo, NY","1","2","0","0","0","3986","661125"
"217","male","Chicago, IL","5","5","0","0","0","2238","898699"
"53","female","Lagrange, IL","11","4","0","0","0","4109","526264"
"57","female","Chicago, IL","16","2","0","0","0","5160","132115"
"124","female","Chicago, IL","79","11","0","0","0","5698","977211"
"246","female","Istanbul Antakya","4","2","0","0","0","792","348553"
"38","male","Illinois","2","2","0","0","0","739","684909"
"19","male","Montevideo, Uruguay","9","2","0","0","0","1686","705403"
"39","male","Chicago, IL","0","2","0","0","0","545","484741"
"18","male","Chicago, IL","1","2","0","0","0","3546","543253"
"56","male","Chicago, IL","0","2","0","0","0","31","792457"
"27","female","Oak Park, IL","4","2","0","0","0","1446","440360"
"248","male","Chicago, IL","5","2","0","0","0","1882","726138"
"23","male","Chicago, IL","8","6","0","0","0","568","790036"
"39","male","Lemont, Illinois","0","14","0","0","0","206","675536"
"38","female","River North, Chicago, IL","35","15","0","0","0","3019","366802"
"113","female","Illinois,USA","1","2","0","0","0","1683","709383"
"47","female","Chicago, IL","28","2","0","0","0","1419","741179"
"23","male","Marietta, GA","0","3","0","0","0","809","981434"
"45","male","Chicago, IL","0","3","0","0","0","2235","863484"
"946","female","San Diego, CA","39","7","0","0","0","4060","913507"
"51","male","Los Angeles, CA","10","2","0","0","0","1669","113693"
"106","male","Chicago, IL","7","2","0","0","0","749","257011"
"54","male","Chicago, IL","33","4","0","0","0","5076","929096"
"16","female","Chicago, Il","48","3","0","0","0","356","170831"
"212","female","Detroit, MI","23","4","0","0","0","4379","361377"
"172","male","Chicago, IL","5","3","0","0","0","2966","463018"
"103","male","San Francisco, CA","0","2","0","0","0","2861","969096"
"376","male","Edwardsville,IL","88","5","0","0","0","2213","156843"
"19","female","Burnsville, MN","1","2","0","0","0","684","871209"
"199","male","Portland, OR","7","3","0","0","0","2672","254097"
"10","male","Chicago, IL","1","5","0","0","0","818","972263"
"61","female","Chicago, IL","14","4","0","0","0","1488","849234"
"69","female","Chicago, IL","14","2","0","0","0","919","327958"
"70","male","Chicago, IL","43","3","0","0","0","2749","690662"
"56","male","Cincinnati, OH","10","3","0","0","0","899","514092"
"15","None","New Jersey","0","2","0","0","0","609","951800"
"31","female","Cincinnati, OH","1","2","0","0","0","361","775905"
"246","male","Toronto, Canada","8","2","0","0","0","1751","148167"
"265","male","Chicago, IL","87","6","0","0","0","2519","905308"
"35","female","Chicago, IL","0","2","0","0","0","1285","597256"
"56","male","Chicago, IL","6","2","0","0","0","2056","281317"
"91","female","La Crosse, WI","4","3","0","0","0","301","917151"
"23","female","Chicago, IL","6","2","0","0","0","592","397710"
"85","male","Chicago, IL","9","3","0","0","0","1506","132153"
"39","male","Chicago, IL","18","14","0","0","0","3463","495564"
"173","male","Chicago, IL","3","2","0","0","0","297","266837"
"234","male","Kansas City, MO","16","3","0","0","0","619","604235"
"107","male","Chicago ","17","3","0","0","0","5647","547467"
"176","male","Chicago, IL","18","3","0","0","0","3277","479199"
"89","male","Chicago Illinois ","2","2","0","0","0","1937","760750"
"89","female","Chicago, IL","34","5","0","0","0","1976","357313"
"21","female","Carol Stream, IL","0","2","0","0","0","369","669407"
"260","male","Chicago, IL","17","3","0","0","0","4331","873120"
"63","None","Chicago, IL","5","4","0","0","0","1486","167237"
"52","male","ASTORIA, NY","23","2","0","0","0","3612","284273"
"135","female","Izmir","23","3","0","0","0","559","760528"
"12","female","Evanston, IL","6","3","0","0","0","248","578869"
"53","male","Chicago, IL","1","3","0","0","0","394","302450"
"90","female","Chicago, IL","19","2","0","0","0","730","634412"
"46","male","Chicago","31","5","0","0","0","1039","423389"
"152","male","Sheboygan, WI","27","3","0","0","0","3525","526969"
"153","male","Chicago, IL","32","3","0","0","0","3952","814608"
"197","male","Chicago, IL","9","2","0","0","0","1574","511928"
"23","female","Petaluma, CA","6","2","0","0","0","992","332877"
"64","male","Chicago, IL","30","4","0","0","0","1548","287746"
"34","female","Chicago","52","2","0","0","0","2776","209249"
"32","female","Chicago, IL","6","2","0","0","0","634","235461"
"27","male","NY","0","4","0","0","0","1806","863752"
"514","male","Chicago, IL","2","3","0","0","0","2227","921651"
"101","female","Chicago, IL","8","2","0","0","0","3670","546215"
"47","female","Chicago, IL","0","2","0","0","0","1082","401414"
"153","male","Edmond, OK","12","2","0","0","0","2387","572841"
"79","female","Chicago, IL","6","2","0","0","0","384","701300"
"13","male","Chicago, IL","2","2","0","0","0","2212","233495"
"61","female","60622","1","2","0","0","0","2072","280190"
"52","female","Chicago, Il","25","3","0","0","0","11011","456601"
"187","male","Chicago, IL","22","5","0","0","0","1137","460353"
"26","male","Indianapolis, IN","6","5","0","0","0","4335","343750"
"104","male","Chicago, IL","19","2","0","0","0","1573","989431"
"1","male","Atlanta, GA","1","2","0","0","0","345","507301"
"36","female","Chicago, IL","4","2","0","0","0","1020","438659"
"268","male","Chicago, IL","1","3","0","0","0","5061","504448"
"22","male","Elwood, IL","9","3","0","0","0","908","632075"
"15","male","Chicago, il","2","2","0","0","0","379","819963"
"84","male","Washington D.C., DC","25","3","0","0","0","18037","995318"
"13","male","Oak Lawn, IL","2","4","0","0","0","1182","238978"
"24","female","Chicago","0","2","0","0","0","407","893581"
"332","male","Chicago, IL","13","2","0","0","0","982","263082"
"27","male","Chicago, IL","12","2","0","0","0","1707","983889"
"524","male","Kansas City, MO","2","2","0","0","0","781","238454"
"785","male","Minas Gerais","13","3","0","0","0","5777","809915"
"14","male","Chicago, IL","5","2","0","0","0","545","556968"
"32","None","Chicago, IL","13","2","0","0","0","4161","740224"
"96","male","Chicago, IL","3","10","0","0","0","1400","184330"
"102","female","Thailand","0","2","0","0","0","849","250431"
"79","female","Chicago, IL","3","3","0","0","0","791","411691"
"139","male","Chicago, IL","5","2","0","0","0","1101","783826"
"113","female","Chicago, IL","4","2","0","0","0","175","687198"
"93","male","Distrito Federal","2","2","0","0","0","568","171154"
"12","male","Chicago, IL","1","2","0","0","0","107","475646"
"92","male","Chicago IL","10","4","0","0","0","2938","105667"
"190","male","Chicago, IL","12","2","0","0","0","2048","900885"
"48","female","New York, New York","3","2","0","0","0","579","259130"
"42","female","Michigan","4","2","0","0","0","1287","211544"
"185","female","Chicago, IL","7","5","0","0","0","1450","776653"
"84","male","New York, NY","2","2","0","0","0","4368","704616"
"94","female","Chicago, IL","16","12","0","0","0","2204","745071"
"54","male","Illinois","9","7","0","0","0","270","402588"
"37","female","Chicago, IL","16","2","0","0","0","2029","143840"
"469","male","Chicago, IL","38","2","0","0","0","2809","240801"
"67","female","Boston, MA","10","2","0","0","0","2238","274116"
"16","male","Chicago, IL","5","2","0","0","0","433","687233"
"30","female","Chicago, IL","1","3","0","0","0","1263","255428"
"65","male","Chicago","1","2","0","0","0","597","833672"
"710","male","Austin, TX","130","11","0","0","0","3651","288427"
"108","female","Unnamed Location","7","2","0","0","0","2771","623652"
"123","female","Chicago, IL","7","2","0","0","0","3042","527433"
"274","male","Chicago, IL","5","2","0","0","0","2784","830208"
"88","female","Chicago, IL","1","4","0","0","0","1455","271796"
"36","female","None","0","2","0","0","0","521","553523"
"46","male","Chicago, IL","0","2","0","0","0","921","242692"
"174","female","Chicago, IL","70","50","0","0","0","5424","217742"
"615","male","Somerville, MA USA","10","2","0","0","0","2488","540018"
"103","male","Evanston and Chicago, Illinois, USA","8","2","0","0","0","6441","402352"
"69","female","Quezon City, NCR","1","2","0","0","0","42","949571"
"60","female","Chicago, IL","4","2","0","0","0","538","820864"
"220","male","San Francisco, CA","22","4","0","0","0","2708","656742"
"47","male","Chicago, IL ","15","4","0","0","0","1042","816733"
"163","male","Chicago, IL","2","2","0","0","0","1355","798605"
"286","male","Chicago, IL","6","5","0","0","0","1469","279964"
"1000","female","Chicago, IL","227","24","0","0","0","5240","910031"
"289","male","Chicago, IL","7","2","0","0","0","3784","834801"
"86","male","Chicago, IL","8","2","0","0","0","1198","112357"
"147","female","Chicago, IL","17","6","0","0","0","3416","588964"
"41","None","Earth","27","9","0","0","0","810","259002"
"35","male","Chicago, IL","8","3","0","0","0","1019","911561"
"66","male","Milwaukee, WI","22","2","0","0","0","1728","864654"
"22","male","Joliet, IL","0","2","0","0","0","54","119378"
"88","male","Granite City, IL","3","2","0","0","0","4191","328650"
"45","male","Chicago, IL","16","3","0","0","0","143","616454"
"413","male","Peterborough","1","2","0","0","0","348","827502"
"22","female","Chicago ","0","2","0","0","0","675","471354"
"12","female","Dallas, TX","7","2","0","0","0","277","955441"
"20","male","Chicago, IL","0","2","0","0","0","933","145665"
"80","male","London","2","2","0","0","0","1898","861452"
"72","female","Chicago, IL","2","2","0","0","0","443","607450"
"37","female","Chicago, IL","0","2","0","0","0","56","229968"
"106","male","Corona, CA","7","2","0","0","0","2349","521463"
"71","female","New York, NY","7","3","0","0","0","1998","287157"
"52","male","San Diego, CA","1","2","0","0","0","982","910166"
"131","male","Chicago, IL","1","4","0","0","0","5597","278502"
"121","female","Chicago, IL","4","2","0","0","0","1399","495486"
"38","female","Illinois","1","2","0","0","0","1346","296942"
"34","female","Chicago, IL","0","2","0","0","0","1040","259307"
"21","male","North Hollywood, California","0","2","0","0","0","1063","615566"
"47","male","Chicago, IL","19","4","0","0","0","2931","917986"
"105","female","Chicago, IL","79","8","0","0","0","4246","637047"
"43","female","São Paulo, Brasil","3","2","0","0","0","1040","688282"
"147","female","Chicago, IL","0","2","0","0","0","2441","563721"
"247","male","Chicago, IL","4","2","0","0","0","2206","494071"
"36","male","Seven Hills, OH","0","4","0","0","0","576","602612"
"9","female","Chicago, IL","0","2","0","0","0","735","826560"
"56","female","Chicago, IL","3","2","0","0","0","1447","674538"
"99","male","Chicago, Illinois","32","12","0","0","0","5006","290785"
"72","female","Chicago, IL","0","2","0","0","0","745","346492"
"58","male","South Bend, IN","4","2","0","0","0","2706","665837"
"360","male","Washington, DC","2","2","0","0","0","1645","595685"
"184","male","Chicago, IL","18","2","0","0","0","2902","915026"
"105","female","Alpharetta, GA","44","4","0","0","0","3445","462235"
"39","female","Chicago, IL","0","2","0","0","0","895","705752"
"17","male","Región Metropolitana de Santiago","37","3","0","0","0","441","328598"
"10","female","Aliso Viejo, CA","7","3","0","0","0","381","274781"
"883","male","Chicago, Illinois","6","3","0","0","0","462","627229"
"16","male","New Lenox, IL","5","2","0","0","0","1039","468285"
"46","male","Chicago, IL","5","4","0","0","0","338","747160"
"34","male"," Chicago, Il","4","2","0","0","0","1502","599585"
"21","male","None","3","3","0","0","0","772","640156"
"21","male","Chicago, IL","0","2","0","0","0","197","380848"
"104","male","Spring, TX","12","3","0","0","0","6263","270512"
"28","female","Chicago, IL","140","4","0","0","0","740","561094"
"36","female","Chicago, USA","29","29","0","0","0","4460","567803"
"26","male","Tacoma, WA","5","2","0","0","0","892","763804"
"27","male","Chicago. IL","4","2","0","0","0","171","523161"
"101","male","Chicago,IL ","11","2","0","0","0","5226","679261"
"10","female","Springfield, IL","38","3","0","0","0","1124","697291"
"4","female","Rio de Janeiro","6","2","0","0","0","166","658244"
"95","female","Chicago, IL","45","5","0","0","0","873","223924"
"37","male","Chicago, IL","5","2","0","0","0","2019","387229"
"88","female","Chicago, IL","10","2","0","0","0","1610","188698"
"53","female","Chicago, IL","1","3","0","0","0","2984","499086"
"44","male","Chicago","0","2","0","0","0","428","628200"
"257","male","Chicago, IL","2","3","0","0","0","6348","821494"
"30","male","Chicago, IL","22","29","0","0","0","3843","196980"
"77","male","Manheim, PA","9","4","0","0","0","2344","649183"
"30","female","Chicago, IL","12","5","0","0","0","3721","788085"
"142","male","Álvaro Obregón, Distrito Federal","13","5","0","0","0","3526","898921"
"76","male","Chicago, IL","2","3","0","0","0","3373","737037"
"20","male","Chicago, IL","2","2","0","0","0","1291","962869"
"80","female","Chicago, Illinois","61","23","0","0","0","3757","168474"
"14","male","東京","0","2","0","0","0","181","143997"
"61","male","Chicago, IL","21","6","0","0","0","1855","175784"
"9","male","Marseilles Heights, IL","0","3","0","0","0","75","435560"
"41","male","Valley Stream, NY","37","2","0","0","0","8206","957965"
"19","female","Park Ridge, IL","9","2","0","0","0","2348","374684"
"85","female","Norridge, Illinois","33","9","0","0","0","7093","885612"
"133","male","İstanbul, Türkiye","8","3","0","0","0","85","708219"
"28","female","Chicago","98","10","0","0","0","9738","386626"
"793","female","Chicago, IL","72","8","0","0","0","606","740956"
"195","female","Bangkok Metropolis","0","2","0","0","0","2289","709722"
"31","male","Chicago, IL","4","2","0","0","0","1257","180323"
"80","male","Chicago, IL","1","2","0","0","0","3661","746635"
"130","male","chicago,  il","2","3","0","0","0","1545","965536"
"149","male","Chicago, IL","3","2","0","0","0","650","509576"
"269","male","Sobral, CE","15","3","0","0","0","165","657185"
"38","male","Chicago, IL","3","7","0","0","0","1445","833878"
"13","male","Chicago, IL","7","2","0","0","0","599","866361"
"40","None","The Bay ","2","2","0","0","0","403","912308"
"323","female","Chicago, IL","44","6","0","0","0","5301","569348"
"130","female","New York, NY","33","32","0","0","0","3762","321852"
"29","female","Chicago, IL","1","2","0","0","0","182","499815"
"75","male","Chicago, IL","23","2","0","0","0","3736","586234"
"67","None","Marathon, FL","0","2","0","0","0","849","511049"
"70","female","Chicago, IL","9","2","0","0","0","1687","519788"
"1001","female","Chicago, IL","71","6","0","0","0","2966","575364"
"51","female","Madison, WI","5","3","0","0","0","1096","875243"
"63","female","North, Indiana","0","2","0","0","0","1840","427462"
"25","female","Chicago, IL","0","2","0","0","0","1242","226548"
"30","male","Chicago, IL","3","3","0","0","0","1455","796212"
"121","female","Chicago, IL","6","2","0","0","0","1325","592267"
"20","male","Blacksburg, VA","0","2","0","0","0","436","110750"
"205","male","Los Angeles, CA","33","11","0","0","0","10988","421714"
"2","male","Lake Forest, Illinois","0","2","0","0","0","41","442018"
"55","female","Chicago, IL","8","2","0","0","0","2191","856603"
"178","female","Chicago, IL","4","5","0","0","0","1548","761649"
"4","male","Chicago, IL","0","3","0","0","0","576","467910"
"55","female","Chicago, IL","3","2","0","0","0","2699","662868"
"29","female","Chicago, IL","2","3","0","0","0","5532","540553"
"732","male","Philadelphia, PA","18","5","0","0","0","1094","220991"
"809","female","Chicago, IL","13","3","0","0","0","2554","950441"
"102","male","Chicago, IL","6","2","0","0","0","986","258663"
"83","female","Chicago, Illinois","89","33","0","0","0","3293","553129"
"59","male","Chicago, IL & Los Angeles, CA","8","3","0","0","0","437","578873"
"139","female","Chicago, IL","20","8","0","0","0","270","715897"
"25","male","River Grove, IL","10","2","0","0","0","3055","198051"
"95","female","River Forest, IL","5","2","0","0","0","3012","853808"
"126","female","Chicago, IL","2","2","0","0","0","603","629581"
"144","female","Chicago, IL","3","5","0","0","0","1863","471334"
"140","male","Chicago, IL","4","4","0","0","0","1107","345941"
"112","male","Chicago, IL","14","3","0","0","0","4215","338956"
"105","male","Chicago, IL","12","2","0","0","0","675","156780"
"74","female","Chicago, IL","9","8","0","0","0","5363","568516"
"16","male","Chicago, IL","13","2","0","0","0","999","154008"
"117","female","Chicago, IL ","1","2","0","0","0","2246","377517"
"150","female","Chicago, IL","0","6","0","0","0","488","923630"
"97","female","Milwaukee, Wisconsin","11","2","0","0","0","5219","525710"
"308","male","New York, NY","16","4","0","0","0","18852","492530"
"6","male","Westchester, IL","6","2","0","0","0","389","744810"
"66","male","Greater Chicago Area","10","2","0","0","0","5786","853171"
"14","male","Chicago, IL","0","2","0","0","0","618","582727"
"130","male","Chicago, IL","5","3","0","0","0","1344","270697"
"70","male","Chicago, IL","10","2","0","0","0","14488","236985"
"288","male","Chicago, IL","2","2","0","0","0","2446","142979"
"69","male","Khobar/Michigan ","2","2","0","0","0","461","917523"
"218","male","Montreal, Qc","26","9","0","0","0","10730","497958"
"56","male","mount prospect, il","4","2","0","0","0","1530","940842"
"63","male","North Liberty, Iowa","1","2","0","0","0","100","817241"
"24","male","Massachusetts","2","2","0","0","0","612","513698"
"59","male","Natal, Brasil","80","2","0","0","0","7466","802087"
"27","male","IL","8","2","0","0","0","1834","287462"
"92","male","Chicago, IL","2","4","0","0","0","801","126249"
"57","female","Chicago, IL","5","2","0","0","0","393","651410"
"32","male","Merrillville, IN","2","2","0","0","0","1613","757723"
"49","female","Chicago","52","3","0","0","0","2827","483486"
"58","male","Fortaleza, CE","10","2","0","0","0","308","285475"
"18","female","South Saint Paul, MN","21","3","0","0","0","4715","774085"
"265","male","Chicago, IL","16","7","0","0","0","1411","846035"
"145","male","Chicago, IL","10","2","0","0","0","1541","705727"
"546","male","Chicago, IL","30","4","0","0","0","5153","657178"
"46","male","Chicago, IL","1","2","0","0","0","130","750760"
"33","male","Chicago, IL","3","3","0","0","0","1278","876154"
"117","male","paris, france","9","18","0","0","0","3279","999633"
"77","female","Chicago, IL","2","2","0","0","0","1157","829129"
"58","male","Chicago","3","3","0","0","0","2265","813090"
"88","male","Brooklyn, NY","1","5","0","0","0","121","452402"
"59","female","Chicago, IL","49","3","0","0","0","1304","878597"
"130","female","Chicago, IL","7","2","0","0","0","1243","376164"
"32","female","Chicago, Illinois","3","4","0","0","0","587","177727"
"20","male","Chicago, IL","0","3","0","0","0","951","139018"
"19","female","Chicago, IL","1","2","0","0","0","379","427740"
"54","male","East Lansing, MI","2","2","0","0","0","120","170539"
"21","male","Carbondale, IL","1","2","0","0","0","302","208108"
"40","male","Chicago, IL","6","2","0","0","0","2040","948925"
"124","male","Chicago, IL","3","2","0","0","0","3724","816019"
"96","female","Chicago, IL","6","2","0","0","0","1221","845325"
"101","female","Chicago, IL","2","2","0","0","0","1173","712702"
"67","female","Syracuse, NY","6","2","0","0","0","1190","397766"
"214","male","Chicago, IL","169","2","0","0","0","1546","899938"
"676","female","Milwaukee, WI","79","8","0","0","0","6279","601000"
"25","female","Illinois","1","2","0","0","0","943","698865"
"32","female","New York, NY","0","2","0","0","0","2888","443271"
"48","female","Chicago, IL","25","23","0","0","0","5204","448241"
"69","female","Blue Island, IL","2","2","0","0","0","1013","204820"
"0","male","Chicago, IL","0","2","0","0","0","111","553162"
"16","male","Chicago, IL","1","2","0","0","0","2299","654761"
"32","male","Hometown, IL","3","2","0","0","0","3135","703112"
"41","male","Boulder","38","4","0","0","0","727","207285"
"151","male","Chicago, IL","19","4","0","0","0","2298","723716"
"73","male","Chicago, IL","12","3","0","0","0","1703","548234"
"23","male","Chicago, IL","13","3","0","0","0","2564","485599"
"16","female","Winfield, IL","0","2","0","0","0","387","369852"
"64","female","La Grange Park, IL","30","4","0","0","0","1540","178388"
"97","male","San Francisco, California","143","2","0","0","0","2713","813061"
"210","male","Schaumburg, IL","21","2","0","0","0","2875","139059"
"186","female","NY","92","22","0","0","0","2026","849246"
"90","male","Chicago, IL","1","5","0","0","0","5401","376650"
"297","female","Chicago, IL","8","3","0","0","0","3097","982031"
"39","male","Torrance, CA","1","2","0","0","0","1940","827172"
"112","male","Chicago, IL","80","2","0","0","0","2039","488993"
"55","female","Chicago, IL","36","8","0","0","0","4855","841498"
"52","male","Chicago, IL","13","17","0","0","0","456","622135"
"41","male","Illinois","1","2","0","0","0","361","912351"
"51","female","Cincinnati, OH","11","3","0","0","0","1392","222736"
"334","None","Toronto, Canada","4","2","0","0","0","2030","822371"
"19","female","Chicago, IL","2","2","0","0","0","1983","858036"
"449","male","Carmel, Indiana","46","6","0","0","0","2837","933109"
"54","female","Chicago, IL","26","2","0","0","0","3033","643430"
"20","None","chicago, il","11","6","0","0","0","684","598544"
"65","male","Chicago, IL","4","2","0","0","0","1339","328150"
"39","female","Chicago, IL","0","2","0","0","0","899","356978"
"185","male","Chicago, IL","7","3","0","0","0","1006","563118"
"87","female","Chicago, IL","14","2","0","0","0","8906","254566"
"76","female","Chicago, IL","0","2","0","0","0","664","673527"
"64","female","Los Angeles, CA","45","3","0","0","0","3093","754319"
"8","female","Chicago, IL","1","2","0","0","0","47","303012"
"14","male","Chicago, IL","9","2","0","0","0","856","967629"
"323","male","Lancaster, NY","2","8","0","0","0","3111","482811"
"59","female","Milwaukee, WI","11","4","0","0","0","2240","821340"
"24","female","Ridott, Illinois","0","2","0","0","0","1147","315353"
"42","male","Chicago, IL","0","2","0","0","0","584","777787"
"81","female","Chicago, IL","0","2","0","0","0","1632","266659"
"21","male","Hometown, IL","0","2","0","0","0","165","935264"
"77","female","New York, New York ","0","6","0","0","0","906","412670"
"227","female","Ar Riyad","2","2","0","0","0","566","346737"
"151","male","Chicago, IL","2","2","0","0","0","325","324363"
"354","male","Chicago, IL","66","5","0","0","0","4362","886622"
"18","male","chicago, il","8","2","0","0","0","1580","918512"
"98","male","Chicago, IL","32","26","0","0","0","4122","550140"
"28","female","Syracuse, NY","0","2","0","0","0","1042","290101"
"41","female","Chicago, IL","15","2","0","0","0","3506","526085"
"33","female","chicago, il","2","2","0","0","0","321","141838"
"49","female","Milwaukee, WI","2","3","0","0","0","308","162276"
"104","female","Chicago, IL","10","5","0","0","0","1493","127263"
"17","male","Chicago, IL","0","2","0","0","0","388","961018"
"52","male","Chicago, IL","2","2","0","0","0","1681","196580"
"320","female","Chicago, IL","23","8","0","0","0","2014","655783"
"111","male","Irwindale, CA","28","2","0","0","0","2637","531008"
"186","female","Chicago","7","2","0","0","0","448","265707"
"39","female","None","54","3","0","0","0","5018","426383"
"91","female","Chicago, IL","2","3","0","0","0","1605","257968"
"16","male","Redmond, Washington","1","2","0","0","0","1909","202395"
"55","male","Chicago, IL","2","2","0","0","0","246","487029"
"71","female","ON, Canada","1","2","0","0","0","941","652360"
"11","male","None","9","4","0","0","0","180","814848"
"10","female","Chicago, IL","0","2","0","0","0","247","851459"
"68","female","Chicago, IL","29","45","0","0","0","5685","288084"
"43","female","Chicago, IL","1","3","0","0","0","4754","550694"
"194","female","Chicago, IL","59","3","0","0","0","2982","820024"
"68","male","Los Angeles, CA","8","3","0","0","0","7994","535912"
"995","male","Chicago","36","5","0","0","0","18035","772597"
"402","female","Chicago, IL","1","2","0","0","0","1370","825233"
"88","female","Chicago, IL","5","2","0","0","0","2005","245014"
"19","male","U.S.A","4","2","0","0","0","457","434248"
"66","female","Chicago, IL","26","2","0","0","0","569","590159"
"17","female","Chicago, IL","2","2","0","0","0","2810","779781"
"156","male","Tampa, Florida","17","3","0","0","0","2295","485129"
"60","male","Palatine, IL","5","2","0","0","0","618","543024"
"6","male","San Juan, 127","0","2","0","0","0","166","920812"
"28","female","Ridgefield, CT","8","12","0","0","0","623","787928"
"17","female","Baltimore, MD","0","2","0","0","0","287","162468"
"60","female","California, USA","7","4","0","0","0","1442","260951"
"21","female","Minneapolis, MN","0","2","0","0","0","247","908394"
"39","female","Chicago, IL","13","3","0","0","0","191","539692"
"12","female","Chicago, IL","1","2","0","0","0","37","876562"
"14","female","Chicago, IL","18","2","0","0","0","166","518892"
"26","female","blue island ","6","2","0","0","0","812","287632"
"10","male","Saint Louis","17","5","0","0","0","1430","639069"
"86","female","Atlanta, GA","8","6","0","0","0","1664","273317"
"43","female","Normal, IL","4","2","0","0","0","418","125088"
"19","male","Kansas City, mo","4","5","0","0","0","609","499125"
"196","male","Canton, MI","10","3","0","0","0","2440","126637"
"792","female","None","16","7","0","0","0","7108","116765"
"124","female","Chicago, IL","3","3","0","0","0","1216","720673"
"100","male","Chicago, IL.","10","5","0","0","0","705","912785"
"220","female","Chicago, IL","9","3","0","0","0","1115","579684"
"14","female","Chicago, IL","1","2","0","0","0","134","976807"
"176","male","Grand Rapids Charter Township, MI","12","2","0","0","0","1460","643509"
"609","None","Chicago, IL","4","2","0","0","0","993","936780"
"48","male","Chicago, IL","0","2","0","0","0","570","407729"
"269","male","Houston, Texas","6","2","0","0","0","4640","255759"
"45","male","Chicago, IL","2","2","0","0","0","396","973838"
"134","male","Chicago","4","3","0","0","0","280","866086"
"82","female","New York, NY","3","21","0","0","0","1617","974651"
"58","female","Las Vegas, NV","5","3","0","0","0","11867","954782"
"298","male","Evanston, IL","7","2","0","0","0","877","941915"
"132","male","Istanbul, 34","0","2","0","0","0","269","298694"
"103","male","Menomonee Falls, WI","8","3","0","0","0","3674","687919"
"23","male","Chicago, IL","3","15","0","0","0","924","564020"
"125","female","Chicago, IL","3","6","0","0","0","499","743501"
"31","female","Chicago","0","2","0","0","0","504","172921"
"82","male","Chicago, IL","0","2","0","0","0","196","805383"
"163","male","Chicago, Illinois","7","3","0","0","0","2927","980199"
"114","male","Chicago, IL","26","9","0","0","0","9579","410967"
"208","male","Chicago, IL","10","5","0","0","0","1036","236931"
"48","male","Sioux Falls, SD","21","3","0","0","0","882","309879"
"34","male","Chicago, IL","3","2","0","0","0","614","361643"
"15","male","Cleveland/Akron/Youngstown,OH","1","3","0","0","0","581","301731"
"8","female","Park Forest, IL","9","2","0","0","0","203","888833"
"267","male","Gurnee, IL","18","4","0","0","0","2590","138534"
"196","male","Chicago, IL","42","2","0","0","0","3248","422130"
"346","male","Columbus, OH","101","7","0","0","0","11904","594826"
"34","female","Chicago, IL","0","2","0","0","0","269","448319"
"85","female","Chicago, IL","0","3","0","0","0","8412","628508"
"9","female","San Francisco, CA","4","2","0","0","0","36","380029"
"145","male","Chicago, IL","79","5","0","0","0","12016","886120"
"68","female","Boston, Massachusetts","11","2","0","0","0","1810","967236"
"95","male","Guayaquil, Ecuador","2","4","0","0","0","1437","902345"
"8","male","Chicago, IL","0","2","0","0","0","128","747142"
"236","male","Lindenhurst, IL","26","2","0","0","0","9880","777170"
"50","male","Chicago, IL","16","2","0","0","0","2865","393672"
"27","female","Calumet Park, Il","6","4","0","0","0","488","737393"
"49","male","Champaign, IL","35","5","0","0","0","3188","981496"
"47","female","Rockford, IL","3","2","0","0","0","1065","819705"
"92","female","Chicago, IL","1","3","0","0","0","1052","292534"
"32","female","Chicago, IL","3","2","0","0","0","816","264082"
"8","male","Chicago, IL","0","2","0","0","0","253","792556"
"197","male","Chicago, IL","8","2","0","0","0","1981","833951"
"175","male","Chicago, IL","7","5","0","0","0","644","637009"
"50","female","Chicago, IL","5","2","0","0","0","1910","796223"
"133","male","Chicago, IL","36","13","0","0","0","8048","392096"
"112","female","Washington, DC","11","4","0","0","0","2732","924122"
"398","male","Chicago, IL","8","2","0","0","0","2135","279492"
"47","male","Chicago, IL","4","6","0","0","0","926","208661"
"543","male","Chicago, IL","14","3","0","0","0","2217","743947"
"58","female","Chicago, IL","1","2","0","0","0","248","333465"
"74","male","Glendale, AZ","1","5","0","0","0","1006","387489"
"67","male","Chicago, IL","14","5","0","0","0","3889","981922"
"49","male","Maywood, IL","3","2","0","0","0","666","844898"
"176","male","Seattle, Washington","18","2","0","0","0","1322","912462"
"13","male","Chicago, IL","0","2","0","0","0","2235","462706"
"43","male","Chicago, IL","7","2","0","0","0","271","761515"
"96","female","Chicago, IL","6","4","0","0","0","9020","704133"
"48","male","Burbank, CA","2","3","0","0","0","214","113209"
"80","female","Chicago, IL","13","3","0","0","0","1110","732054"
"109","female","Chicago, IL","0","2","0","0","0","1664","160091"
"9","female","Chicago, IL","98","3","0","0","0","1356","167739"
"228","male","Chicago, IL","4","5","0","0","0","1918","124151"
"30","female","Belton, TX","1","2","0","0","0","1749","904880"
"81","male","Chicago, IL","14","28","0","0","0","6339","509888"
"30","male","Des Plaines, IL","17","2","0","0","0","1004","988723"
"96","male","Chicago, IL","19","10","0","0","0","3990","298087"
"214","female","Chicago, IL","45","27","0","0","0","1805","181614"
"13","male","Lombard, IL","0","2","0","0","0","0","968763"
"59","male","Chicago, IL","32","14","0","0","0","2204","241882"
"31","male","Chicago, IL","6","2","0","0","0","959","725750"
"7","male","Chicago, IL","1","2","0","0","0","63","775977"
"45","male","Chicago, Illinois","0","4","0","0","0","1328","732739"
"156","male","Omaha, NE","2","2","0","0","0","2456","890069"
"305","male","Chicago, IL","13","2","0","0","0","2658","386635"
"146","female","Chicago, il","0","2","0","0","0","864","151194"
"0","female","North Riverside, IL","0","2","0","0","0","31","518256"
"45","female","Chicago, IL","1","2","0","0","0","1110","475711"
"33","female","Chicago, IL","0","2","0","0","0","1584","936865"
"60","male","Chicago, IL","57","9","0","0","0","13888","119095"
"31","female","IL","34","7","0","0","0","1044","647478"
"82","female","Chicago, IL","13","3","0","0","0","1331","504378"
"116","male","Chicago","8","2","0","0","0","1377","928234"
"9","female","Chicago, IL","1","4","0","0","0","336","802799"
"30","female","Lake Villa, IL","4","2","0","0","0","1087","887737"
"45","female","Streamwood, IL","0","2","0","0","0","3135","313062"
"79","female","Chicago, IL","2","2","0","0","0","585","220738"
"49","male","Chicago il","3","2","0","0","0","359","136097"
"8","female","Chicago, IL","1","2","0","0","0","110","493528"
"50","female","Tampa, FL","29","2","0","0","0","483","751755"
"46","female","Los Angeles, CA","0","4","0","0","0","1187","753796"
"53","female","Chicago, IL","11","2","0","0","0","1627","941330"
"95","male","Chicago, IL","6","4","0","0","0","1264","879802"
"12","male","Chicago","5","2","0","0","0","127","344907"
"135","male","Chicago, IL","1","3","0","0","0","2210","813823"
"18","female","Chicago, IL","6","3","0","0","0","681","612677"
"73","male","Chicago, IL","4","4","0","0","0","2458","418919"
"50","male","Chicago, IL","0","2","0","0","0","1616","293710"
"55","female","Naperville, IL","0","2","0","0","0","653","280186"
"18","male","Chicago, IL","0","2","0","0","0","2451","909213"
"38","female","Chicago, IL","3","7","0","0","0","2376","143503"
"11","None","Chicago, IL","0","2","0","0","0","190","778904"
"995","male","Friendship, Tn","0","2","0","0","0","26940","498657"
"133","female","Chicago, IL","7","2","0","0","0","3000","635820"
"164","male","Indianapolis, IN","9","2","0","0","0","5147","862261"
"18","female","Chicago, IL","0","3","0","0","0","41","195318"
"239","male","Chicago, IL","78","31","0","0","0","6113","759037"
"41","female","Chicago, IL","2","2","0","0","0","1443","747346"
"93","male","Oak Park, IL","0","2","0","0","0","197","865875"
"39","female","Olympia Fields, IL","2","2","0","0","0","597","386698"
"72","female","San Diego, CA ","0","2","0","0","0","722","433752"
"70","female","Chicago, IL","13","5","0","0","0","2903","885165"
"100","female","Chicago, IL","7","2","0","0","0","2658","668917"
"8","female","Chicago, IL","0","2","0","0","0","333","517529"
"65","male","Chicago, Illinois","7","3","0","0","0","7731","252543"
"61","female","Chicago","14","3","0","0","0","1482","703597"
"19","female","Chicago, IL","2","2","0","0","0","140","916799"
"44","None","Chicago, IL","0","2","0","0","0","966","855295"
"32","male","Chicago","5","2","0","0","0","1158","547588"
"39","male","Distrito Federal","0","2","0","0","0","1210","128351"
"68","female","Chicago, IL","8","3","0","0","0","885","947523"
"1000","male","Chicago, IL","7","2","0","0","0","23978","108505"
"17","male","Chicago, IL","3","2","0","0","0","959","656962"
"78","female","Madison, WI","11","2","0","0","0","3194","436369"
"85","male","Evanston, IL","2","2","0","0","0","1302","226641"
"19","female","Chicago","0","2","0","0","0","277","962307"
"16","male","Hickory Hills, IL","1","2","0","0","0","749","843830"
"130","male","Chicago","16","4","0","0","0","8994","795178"
"186","female","Toronto, Canada","313","3","0","0","0","16015","356047"
"20","female","Chicago, IL","1","2","0","0","0","401","128994"
"125","male","New York","12","2","0","0","0","1281","807423"
"50","male","Chicago, IL","1","2","0","0","0","1236","198767"
"47","male","Elgin","8","4","0","0","0","1395","846038"
"264","male","Los Angeles, CA","43","3","0","0","0","5298","693036"
"52","female","Chicago, IL","4","17","0","0","0","3936","615537"
"53","male","chicago, il","6","20","0","0","0","1993","463623"
"33","male","Chicago, IL","1","3","0","0","0","488","213249"
"189","male","Chicago, IL","4","2","0","0","0","1406","517974"
"30","male","Chicago","1","3","0","0","0","691","206093"
"23","female","Troy, MI","1","2","0","0","0","515","764108"
"102","None","Apulia","0","4","0","0","0","465","856003"
"23","male","Chicago, IL","0","2","0","0","0","101","816968"
"191","male","Chicago, IL","11","7","0","0","0","2340","172133"
"183","male","Chicago, IL","3","3","0","0","0","2039","638235"
"11","female","Chicago, IL","29","8","0","0","0","2017","295532"
"44","male","Chicago, IL","0","2","0","0","0","844","589824"
"194","male"," Mexico","2","2","0","0","0","372","112992"
"25","female","Chicago, IL","0","3","0","0","0","1079","669764"
"22","female","Chicago, IL","4","2","0","0","0","684","906757"
"44","female","Berwyn, Illinois","3","4","0","0","0","834","669431"
"147","male","Las Vegas, Nevada","5","2","0","0","0","1225","409171"
"43","male","Chicago, IL","52","5","0","0","0","808","683022"
"245","female","Chicago, IL","4","2","0","0","0","1897","386389"
"71","male","Chicago, IL","3","3","0","0","0","948","273243"
"521","male","Chicago, IL","11","2","0","0","0","1691","313377"
"43","female","Elgin","0","2","0","0","0","558","527791"
"26","male","Downers Grove, IL","0","2","0","0","0","378","506601"
"22","male","Davidson, North Carolina","0","2","0","0","0","242","292723"
"84","male","Chicago, IL","44","4","0","0","0","3736","734443"
"46","female","Niles, IL","2","6","0","0","0","2657","976182"
"121","female","Chicago, IL","691","8","0","0","0","3618","753197"
"76","male","Chicago, IL","4","2","0","0","0","1151","325592"
"90","male","Chicago, IL","2","4","0","0","0","982","374133"
"670","male","Jackson, MS","2","2","0","0","0","1902","403483"
"105","male","Chicago, IL","0","2","0","0","0","1038","626086"
"36","male","Oakland, CA","91","3","0","0","0","4022","388738"
"15","female","Chicago, IL","19","6","0","0","0","3954","467084"
"127","female","New York, NY","3","2","0","0","0","1089","772380"
"57","male","Midlothian, IL","39","2","0","0","0","786","361813"
"85","female","Chicago, IL","0","2","0","0","0","892","495910"
"30","female","Evanston, Illinois","5","2","0","0","0","6399","525689"
"135","male","Chicago, IL","22","2","0","0","0","10072","657147"
"53","male","Evanston, IL","4","2","0","0","0","1773","858106"
"66","female","Chicago, IL","1","2","0","0","0","631","551758"
"74","female","Chicago, IL","0","2","0","0","0","866","296127"
"43","female","Chicago, IL","1","2","0","0","0","276","198624"
"207","female","Chicago, IL","11","2","0","0","0","2624","546098"
"51","female","Chicago, IL","33","6","0","0","0","2513","721852"
"115","female","Chicago, IL","10","3","0","0","0","1536","549686"
"27","male","Chicago, IL","7","2","0","0","0","4304","149371"
"30","male","Oak Lawn, IL","10","5","0","0","0","184","668140"
"55","male","Norridge, IL","0","2","0","0","0","289","830108"
"28","female","Chicago","1","2","0","0","0","131","608139"
"18","male","Orlando, FL","0","2","0","0","0","926","549076"
"41","male","Chicago, IL","1","2","0","0","0","125","210777"
"258","female","Chicago, IL","5","4","0","0","0","2392","191757"
"41","female","Chicago,IL","0","2","0","0","0","32","702119"
"56","male","Milwaukee, WI","29","2","0","0","0","1710","454789"
"28","male","Chicago, IL","2","2","0","0","0","896","728427"
"25","male","Chicago, IL","3","2","0","0","0","275","784464"
"163","male","Chicago, IL","0","2","0","0","0","435","901725"
"129","female","Chicago, IL","11","2","0","0","0","347","344733"
"11","female","Chicago","14","2","0","0","0","1191","632574"
"38","male","Chicago, IL","2","2","0","0","0","795","821544"
"52","male","Chicago, IL","2","2","0","0","0","1607","709576"
"110","female","NOLA or Chicago, Il","19","4","0","0","0","6170","346810"
"81","male","Chicago, IL","30","6","0","0","0","4920","229050"
"139","female","Chicago, IL","38","10","0","0","0","9050","413967"
"68","female","Chicago, IL","1","2","0","0","0","1392","254648"
"10","female","Chicago, IL","3","2","0","0","0","46","788476"
"11","female","Chicago, IL","0","2","0","0","0","114","305795"
"71","female","Dallas, TX ","20","3","0","0","0","1716","482259"
"55","male","Jackson, MI","20","2","0","0","0","789","820275"
"283","female","GARY (MyRainbow) , IN ","19","4","0","0","0","8680","245501"
"34","female","Chicago, IL","7","2","0","0","0","2229","399005"
"10","female","Chicago, IL","0","2","0","0","0","1136","957317"
"11","female","Chicago, IL","0","2","0","0","0","201","529579"
"10","male","Chicago","6","2","0","0","0","551","807802"
"164","male","Chicago, IL","13","2","0","0","0","846","170800"
"112","female","Dallas, TX","5","4","0","0","0","4304","580882"
"35","male","Harvard, MA","10","3","0","0","0","1996","353108"
"16","female","Chicago","1","4","0","0","0","538","344893"
"33","male","Illinois","1","2","0","0","0","6684","437051"
"29","female","Chicago","0","2","0","0","0","380","540127"
"117","male","Fresno, CA","14","3","0","0","0","2067","130935"
"153","female","Bronx, NY","2","5","0","0","0","2664","986109"
"92","female","Unnamed Location","2","2","0","0","0","1316","140595"
"40","male","San Diego, California. ","18","2","0","0","0","1508","639974"
"98","female","Chicago, IL","14","3","0","0","0","5020","235930"
"13","male","Miami, FL","0","2","0","0","0","594","211511"
"16","female","Chicago, IL","2","5","0","0","0","1714","297392"
"69","female","None","8","2","0","0","0","2473","539781"
"208","male","Malmö","30","2","0","0","0","4069","888465"
"87","male","Chicago, IL","5","2","0","0","0","1206","182054"
"37","male","Chicago, IL","5","2","0","0","0","2344","339065"
"46","female","Adrian, MI","0","2","0","0","0","5826","145345"
"0","female","Chicago, Illinois","10","7","0","0","0","1003","472503"
"475","female","Chicago, IL","23","9","0","0","0","2679","291610"
"52","female","Chicago, IL","13","5","0","0","0","2887","518818"
"16","female","Chicago, IL","73","4","0","0","0","4835","994104"
"4","female","Chicago, IL","0","3","0","0","0","567","273509"
"99","female","Palatine, IL","7","9","0","0","0","6933","362555"
"40","male","Chicago, IL","17","2","0","0","0","2313","225600"
"49","male","Chicago, IL","2","3","0","0","0","64","372350"
"83","female","New York, NY","3","2","0","0","0","1417","443470"
"1000","male","Chicago, IL","33","2","0","0","0","3246","674119"
"52","None","Chicago, IL","15","3","0","0","0","2011","273963"
"37","male","Chicago, IL","6","3","0","0","0","4096","597492"
"175","male","Ciudad de México, Mexico","106","2","0","0","0","3386","805421"
"56","female","Chicabo, IL","1","2","0","0","0","921","971137"
"30","male","Chicago, IL","1","2","0","0","0","365","360729"
"48","male","Chicago, IL","2","2","0","0","0","611","900541"
"59","female","Chicago, IL","11","4","0","0","0","2949","675390"
"68","female","Glendale, CA","83","21","0","0","0","7134","818916"
"35","female","Illinois","2","2","0","0","0","639","688738"
"51","female","Bridgeview, IL","8","2","0","0","0","1273","721682"
"44","female","Chicago, IL","2","3","0","0","0","485","106060"
"23","male","Cambridge, MA","0","3","0","0","0","2411","320478"
"9","female","Chicago, IL","1","2","0","0","0","302","992568"
"77","male","Chicago, IL","23","2","0","0","0","6447","241050"
"19","female","Chicago, Illinois","4","2","0","0","0","365","996063"
"64","male","Chicago, IL","25","4","0","0","0","1283","403706"
"18","male","Chicago, IL","6","2","0","0","0","870","870982"
"211","male","Blacksburg, VA","3","2","0","0","0","1439","715112"
"54","male","Chicago, IL","40","3","0","0","0","6455","635572"
"316","male","Chicago, IL","12","8","0","0","0","3034","901551"
"16","female","Chicago, IL","0","2","0","0","0","84","190259"
"36","female","Chicago","1","2","0","0","0","109","186860"
"136","female","San Francisco, CA","9","3","0","0","0","2062","219302"
"156","female","Chicago, IL","39","11","0","0","0","1206","273411"
"51","male","Chicago, IL","9","2","0","0","0","1815","867595"
"64","female","Chicago, IL","2","2","0","0","0","2471","805661"
"47","female","Oak Park, IL","7","6","0","0","0","501","295639"
"957","male","Chicago, IL","17","10","0","0","0","9684","646498"
"92","female","Hammond, IN","0","2","0","0","0","2327","810514"
"43","male","None","63","5","0","0","0","2016","958773"
"11","male","Chicago, IL","0","2","0","0","0","5","188001"
"4","female","Chicago, IL","0","2","0","0","0","58","367264"
"14","female","Chicago, Illinois","0","2","0","0","0","277","164966"
"676","male","Chicago, IL","4","2","0","0","0","176","112825"
"56","female","Iowa City, IA","0","2","0","0","0","2325","690436"
"12","female","Berwyn, IL","1","3","0","0","0","203","714379"
"58","male","Miami, FL","4","2","0","0","0","1853","568537"
"35","male","Chicago, IL","3","3","0","0","0","334","122838"
"84","female","Chicago ","5","2","0","0","0","1009","940364"
"38","male","Chicago, IL","0","2","0","0","0","1949","786217"
"351","male","Chicago, IL","19","3","0","0","0","2339","160577"
"47","male","Las Vegas, NV","5","2","0","0","0","1118","451635"
"43","male","Chicago, IL","33","10","0","0","0","651","381463"
"46","male","Chicago, IL","2","2","0","0","0","697","509038"
"134","male","Chicago, IL","2","2","0","0","0","906","357819"
"102","male","Darien, IL","2","2","0","0","0","2918","354454"
"116","male","Chicago, IL ","5","2","0","0","0","3808","781422"
"262","male","Chicago ","5","2","0","0","0","2039","878216"
"109","male","Chicago, IL","9","3","0","0","0","11041","875249"
"86","male","Washington, D.C. ","197","7","0","0","0","5401","640455"
"66","female","Chicago, IL","1","5","0","0","0","2129","134603"
"57","female","San José","13","2","0","0","0","1482","317332"
"61","female","Chicago, Illinois","0","3","0","0","0","406","754023"
"76","male","Chicago, IL ","1","2","0","0","0","534","291939"
"67","female","New York, NY","5","3","0","0","0","571","963839"
"192","male","Philadelphia","10","3","0","0","0","11904","476648"
"52","male","Chicago, IL","2","2","0","0","0","1521","744994"
"3","female","Chicago, IL","1","2","0","0","0","70","273770"
"143","male","Chicago, IL","11","4","0","0","0","2241","835645"
"14","male","Chicago, IL","3","3","0","0","0","327","898507"
"28","female","Chicago, IL","6","3","0","0","0","838","613155"
"34","male","Chicago, IL","4","2","0","0","0","1049","620993"
"31","female","Chicago, IL","10","4","0","0","0","1461","641004"
"51","male","Alsip, IL","4","2","0","0","0","3675","336228"
"12","female","Chicago, IL","11","2","0","0","0","245","468186"
"47","male","Chicago, IL","2","2","0","0","0","481","555063"
"101","male","Chicago, illinois","0","3","0","0","0","935","997692"
"183","male","Chicago, IL","2","2","0","0","0","102","808579"
"140","female","Chicago ","20","2","0","0","0","632","387569"
"10","female","Chicago, Illinois","9","2","0","0","0","161","752408"
"17","male","Chicago,  IL","17","9","0","0","0","2478","943816"
"52","female","Chicago","18","4","0","0","0","1483","898633"
"11","female","Oak Lawn, IL","2","2","0","0","0","970","696656"
"722","female","✈️ɴz→ĸʟ→ᴅc ","32","3","0","0","0","10385","335078"
"21","male","Chicago, IL","0","2","0","0","0","187","826532"
"22","female","Chicago, IL","0","18","0","0","0","1089","293680"
"114","female","Chicago, IL","0","3","0","0","0","401","769150"
"184","male","Chicago, IL","13","4","0","0","0","7492","178002"
"208","female","Chicago, IL","19","6","0","0","0","2682","762193"
"64","None","สามโคก, ประเทศไทย","4","2","0","0","0","668","575432"
"36","male","Chicago, IL","1","2","0","0","0","1441","403976"
"25","female","Chicago, IL","0","2","0","0","0","516","827271"
"113","male","Chicago, IL","10","2","0","0","0","849","813318"
"59","male","Chicago","1","2","0","0","0","1791","660313"
"53","female","Chicago, IL","0","2","0","0","0","2846","303321"
"43","female","Chicago, IL","11","2","0","0","0","717","556065"
"60","male","Chicago, IL","1","3","0","0","0","68","834079"
"112","male","Chicago, IL","0","2","0","0","0","1137","896494"
"24","female","Chicago, IL","2","5","0","0","0","384","270559"
"178","female","Chicago, IL","0","2","0","0","0","442","287553"
"291","male","Wisconsin","14","3","0","0","0","6772","906771"
"264","male","Chicago, USA","3","4","0","0","0","2140","420912"
"144","male","Chicago, IL","13","2","0","0","0","1939","617098"
"267","male","Illinois","1","3","0","0","0","909","213412"
"20","male","Brookfield, il","14","2","0","0","0","3899","936725"
"611","male","Union, New Jersey","31","3","0","0","0","20328","424146"
"31","male","Broadview, IL","5","2","0","0","0","190","182553"
"7","male","Chicago, IL","1","2","0","0","0","572","926377"
"55","female","Chicago, Illinois","49","2","0","0","0","2998","222498"
"55","male","Chicago, Illinois","33","2","0","0","0","2478","709986"
"13","female","Chicago, IL","0","2","0","0","0","420","877179"
"44","female","Chicago, IL","10","3","0","0","0","1028","114421"
"15","male","Chicago, IL","5","2","0","0","0","850","457952"
"124","female","Chicago, Illinois","9","3","0","0","0","2704","318534"
"79","male","Chicago, IL","3","2","0","0","0","663","641131"
"271","male","Chicago, IL","3","2","0","0","0","1685","897499"
"19","female","Bolingbrook, IL","5","11","0","0","0","462","732527"
"40","male","Chicago, IL","5","2","0","0","0","1985","388349"
"156","female","Chicago, IL","3","17","0","0","0","1927","820347"
"74","male","Chicago, IL","16","4","0","0","0","2995","726366"
"221","male","Chicago, IL","10","2","0","0","0","3859","160149"
"50","female","Chicago, IL","1","2","0","0","0","238","640033"
"36","male","Chicago","7","2","0","0","0","653","972872"
"59","female","Norridge, IL","8","16","0","0","0","810","275859"
"60","male","Indianola, IA","3","2","0","0","0","872","145049"
"299","female","Chicago, IL","2","4","0","0","0","3948","630260"
"83","male","Chicago, IL","32","2","0","0","0","4165","904946"
"301","male","Chicago, IL","101","5","0","0","0","28180","741714"
"29","male","St Louis, MO","5","2","0","0","0","1396","554292"
"44","female","Cleveland, OH","4","54","0","0","0","4392","485909"
"292","female","Chicago, IL 60654","7","3","0","0","0","1714","345739"
"143","male","Chicago, IL","54","2","0","0","0","4642","525403"
"52","male","Chicago, IL","5","14","0","0","0","2357","463132"
"59","female","Chicago, IL","8","2","0","0","0","736","396737"
"45","male","Renton, WA","0","2","0","0","0","315","167936"
"66","female","chicago, il","1","3","0","0","0","204","286984"
"61","male","Chicago IL","0","2","0","0","0","337","675639"
"120","male","Boston, MA","17","6","0","0","0","2682","187438"
"294","female","San Francisco, California","31","2","0","0","0","4724","681481"
"67","male","Chicago, IL","91","7","0","0","0","3811","399221"
"62","male","Chicago, IL","5","4","0","0","0","1122","881108"
"6","male","Chicago, IL","206","3","0","0","0","3762","308797"
"17","female","Chicago, Illinois","11","2","0","0","0","261","241443"
"226","male","None","12","2","0","0","0","2170","919185"
"38","female","Naples, FL","1","2","0","0","0","1030","901843"
"7","female","Chicago, IL","10","3","0","0","0","1292","366237"
"61","female","Chicago, Illinois","14","2","0","0","0","3679","247799"
"31","female","Chicago, IL","16","7","0","0","0","9172","489025"
"20","female","Chicago, IL","14","2","0","0","0","1742","988478"
"34","male","Chicago, Illinois","9","2","0","0","0","2010","589941"
"21","male","Oak Park","22","2","0","0","0","1255","682495"
"35","male","Bolingbrook, IL","10","2","0","0","0","2102","702668"
"449","female","Bridgeview, IL","1","2","0","0","0","2567","392610"
"187","female","Chicago, IL ","99","3","0","0","0","900","214680"
"23","female","Chicago, IL","50","9","0","0","0","790","786262"
"71","male","Wheaton, Illinois","3","2","0","0","0","137","946415"
"36","female","Chicago ","2","3","0","0","0","1287","726046"
"18","female","Chicago, IL","9","2","0","0","0","297","129616"
"40","female","Chicago","3","3","0","0","0","549","366567"
"53","female","Chicago, IL","20","3","0","0","0","1503","395325"
"27","male","Washington, DC","20","15","0","0","0","1988","476265"
"14","male","Chicago, IL","0","2","0","0","0","812","412358"
"134","male","Greektown, IL","38","3","0","0","0","2906","280826"
"38","male","Chicago, IL","0","2","0","0","0","702","419747"
"93","male","Chicago, IL","15","3","0","0","0","4399","311461"
"36","female","Chicago, IL","8","2","0","0","0","4227","828169"
"59","male","Chicago, Illinois","9","2","0","0","0","1466","334813"
"38","None","Chicago, IL","0","2","0","0","0","497","556885"
"46","female","Chicago, IL","7","2","0","0","0","1452","971002"
"84","male","Chicago, IL","4","2","0","0","0","1195","261434"
"184","male","Chicago, IL","24","4","0","0","0","829","662585"
"71","female","Chicago, IL","15","3","0","0","0","2175","654808"
"63","female","Lincolnwood, IL","17","2","0","0","0","3764","116358"
"39","female","Chicago, IL","2","3","0","0","0","1159","629995"
"0","female","Willowick, OH","0","2","0","0","0","41","816471"
"90","male","Chicago, IL","107","16","0","0","0","1991","352911"
"44","male","Chicago, IL","8","6","0","0","0","1805","597578"
"53","male","Chicago, IL","7","3","0","0","0","705","429583"
"31","female","Chicago, IL","5","2","0","0","0","584","952785"
"31","female","Chicago, IL","3","4","0","0","0","145","851335"
"20","male","Dallas, TX.","0","2","0","0","0","403","769903"
"198","male","Chicago, IL","23","3","0","0","0","3565","949697"
"422","female","Chicago, IL","6","2","0","0","0","4072","774942"
"76","female","New York, NY","0","6","0","0","0","605","694323"
"46","male","Chicago, IL","6","2","0","0","0","1081","738120"
"26","female","chicago, IL","4","2","0","0","0","629","776696"
"29","female","Chicago, IL","4","2","0","0","0","1012","142720"
"380","male","Makkah / Tiffin","16","4","0","0","0","284","262405"
"152","female","Virginia Beach, VA","10","2","0","0","0","3350","640256"
"77","male","St Paul, MN","4","2","0","0","0","2675","624068"
"83","female","Chicago, IL","6","2","0","0","0","2187","325512"
"89","male","Chicago, IL","4","2","0","0","0","2941","755527"
"120","male","Chicago, IL","2","2","0","0","0","1844","477606"
"23","female","Chicago","1","2","0","0","0","202","515111"
"27","female","Chicago, IL","0","2","0","0","0","162","950566"
"79","female","Chicago, IL","8","2","0","0","0","1022","223927"
"104","male","Chicago, Illinois","10","2","0","0","0","638","796929"
"57","male","Chicago, IL","11","6","0","0","0","543","541083"
"43","None","Chicago, IL","2","4","0","0","0","925","606988"
"25","female","Chicago, IL","0","5","0","0","0","1279","446539"
"25","female","Chicago, IL","0","2","0","0","0","121","197739"
"30","female","Chicago, IL","7","2","0","0","0","2530","878369"
"49","male","Chicago, IL","1","3","0","0","0","830","598950"
"113","male","Orlando, FL","5","5","0","0","0","5141","415428"
"26","female","Chicago, IL","3","2","0","0","0","406","435013"
"55","female","Chicago, Il","7","2","0","0","0","1958","425120"
"306","female","Chicago, IL","50","3","0","0","0","3433","507506"
"114","male","Chicago, IL","0","2","0","0","0","1448","761010"
"64","female","Chicago, IL","5","2","0","0","0","4757","553455"
"34","male","Naperville,Il","0","2","0","0","0","596","904705"
"71","female","Chicago, IL","1","2","0","0","0","1210","197636"
"13","male","Chicago, IL","6","5","0","0","0","2978","604010"
"35","female","IL","4","2","0","0","0","515","847246"
"26","male","Distrito Federal","3","2","0","0","0","376","678210"
"71","male","Mexico City","4","2","0","0","0","937","946497"
"42","female","Stevens Point, WI","2","3","0","0","0","826","101183"
"17","male","Chicago, IL","0","2","0","0","0","261","599478"
"145","female","Chicago, IL","21","2","0","0","0","2271","966820"
"11","female","NY","2","3","0","0","0","432","103741"
"84","female","Chicago, IL","8","2","0","0","0","837","926563"
"23","female","Chicago, IL","42","6","0","0","0","4977","455891"
"92","male","Chicago, IL","4","2","0","0","0","789","254080"
"24","male","Pittsburgh","13","2","0","0","0","2768","343886"
"156","female","Chicago, IL","5","3","0","0","0","2954","475771"
"81","female","Chicago, IL","0","2","0","0","0","840","616797"
"183","female","Oxford, OH","2","5","0","0","0","1043","195090"
"103","female","Chicago, IL","166","43","0","0","0","3183","785664"
"67","male","Bridgeview, IL","2","2","0","0","0","1392","484139"
"17","male","Chicago, IL","3","4","0","0","0","1283","217407"
"83","female","Chicago, IL","3","2","0","0","0","2346","241993"
"122","male","Chicago, IL","1","3","0","0","0","1665","825298"
"11","male","Ohio","0","2","0","0","0","194","919319"
"18","female","Chicago","31","10","0","0","0","605","505881"
"275","female","Chicago, IL","5","2","0","0","0","5791","626399"
"77","female","Hartford, CT","3","2","0","0","0","2224","241495"
"54","male","Chicago, IL","0","2","0","0","0","1166","128080"
"438","female","Ann Arbor, MI","84","8","0","0","0","4310","307996"
"39","male","Salem, MA","4","3","0","0","0","2028","621919"
"94","female","Chicago","11","2","0","0","0","1327","438712"
"121","male","Chicago, Illinois","13","11","0","0","0","3932","986996"
"70","female","Chicago, IL","1","8","0","0","0","334","387638"
"176","female","HighLand, IL","13","3","0","0","0","268","428425"
"55","male","Chicago, Illinois","5","3","0","0","0","1967","473286"
"48","male","Chicago, IL","3","3","0","0","0","2951","832190"
"70","female","Chicago, IL","1","2","0","0","0","1794","296818"
"126","male","Chicago, IL","1","2","0","0","0","1831","828571"
"49","female","CHICAGO | MANILA ","0","2","0","0","0","177","293893"
"47","female","Chicago, IL","8","2","0","0","0","512","607613"
"107","male","None","7","2","0","0","0","861","284152"
"25","female","NY","0","2","0","0","0","656","785553"
"17","female","Chicago, Illinois","27","2","0","0","0","1748","318714"
"33","male","Chicago","1","2","0","0","0","725","731565"
"101","male","Aurora, IL","3","3","0","0","0","2840","496650"
"60","female","Chicago, IL","12","4","0","0","0","474","125475"
"78","male","Chicago, IL","8","5","0","0","0","2803","226428"
"21","female","Chicago","1","2","0","0","0","408","207791"
"24","male","Chicago, IL","156","4","0","0","0","1406","405063"
"6","male","San Carlos, CA","0","2","0","0","0","1049","768087"
"25","male","Chicago, IL","4","2","0","0","0","468","228639"
"1","male","Chicago, IL","1","2","0","0","0","103","116376"
"52","male","New York, NY","0","3","0","0","0","500","848380"
"22","female","Chicago, IL","4","2","0","0","0","764","805312"
"25","female","Chicago, IL","4","2","0","0","0","675","631249"
"984","male","Maarkedal, België","59","324","0","0","0","40967","296532"
"35","female","Chicago, IL","48","25","0","0","0","4367","369301"
"106","male","Chicago, IL","0","2","0","0","0","2908","694395"
"29","female","Chicago, IL","3","2","0","0","0","406","366228"
"78","male","Chicago, IL","13","3","0","0","0","4597","326524"
"11","male","Oak Park, IL","19","2","0","0","0","1937","904282"
"51","male","Chicago, IL","1","2","0","0","0","4343","390421"
"43","female","Chicago, IL","0","2","0","0","0","649","938779"
"6","male","Chicago, IL","3","2","0","0","0","1413","817131"
"91","male","Allegheny, PA","11","2","0","0","0","4018","345920"
"41","male","Chicago, IL","4","2","0","0","0","904","579947"
"64","male","Downers Grove, IL","0","3","0","0","0","957","626242"
"37","male","Chicago, IL","1","2","0","0","0","1405","779474"
"52","male","Lagrange, IL","42","9","0","0","0","1211","113617"
"61","female","Chicago, IL","11","4","0","0","0","7032","564785"
"241","male","chicago, il","17","2","0","0","0","3428","164105"
"48","female","IL","1","2","0","0","0","1452","880458"
"69","female","Hanover Park, IL","4","2","0","0","0","1179","467546"
"143","male","Chicago, IL","80","8","0","0","0","8145","510186"
"10","male","Chicago, IL","0","2","0","0","0","79","589876"
"86","male","Chicago, IL","5","2","0","0","0","459","239042"
"966","male","Chicago, IL","23","3","0","0","0","3879","401184"
"47","female","Chicago, Illinois","6","2","0","0","0","1398","422318"
"335","male","Oak Park, IL","45","7","0","0","0","3150","536820"
"130","female","New York, NY","83","3","0","0","0","3868","475389"
"20","female","Chicago, IL","2","2","0","0","0","751","358382"
"7","male","Chicago, IL","1","2","0","0","0","405","165570"
"463","male","Chicago, IL","24","5","0","0","0","6701","644789"
"175","female","Chicago, IL","12","5","0","0","0","2085","318567"
"46","female","Chicago, IL","3","3","0","0","0","1045","223190"
"44","female","Chicago","17","6","0","0","0","3115","814585"
"221","male","Greensboro, NC","1","2","0","0","0","1680","759333"
"28","male","New York, NY","9","2","0","0","0","1235","218207"
"44","male","Chicago, IL","5","3","0","0","0","2211","241225"
"32","male","Chicago, IL","3","2","0","0","0","943","886702"
"59","male","Chicago, IL","0","2","0","0","0","729","610679"
"43","male","Chicago, IL","4","2","0","0","0","941","567445"
"23","male","Pittsburgh, PA","15","2","0","0","0","2451","468819"
"69","male","Chicago, IL","10","2","0","0","0","7527","989648"
"96","male","Chicago, IL","0","2","0","0","0","2065","484816"
"62","male","Evanston, IL","30","3","0","0","0","2025","323357"
"265","male","Birmingham, UK","55","2","0","0","0","1447","363974"
"23","male","Chicago IL","3","3","0","0","0","243","552145"
"25","male","Chicago, IL","0","3","0","0","0","581","322087"
"60","female","Chicago, IL","1","2","0","0","0","210","520137"
"13","male","Chicago","0","3","0","0","0","129","562799"
"216","male","Chicago, IL","7","3","0","0","0","2479","881951"
"155","female","Chicago, IL","4","4","0","0","0","3571","851820"
"253","male","Chicago, IL","2","2","0","0","0","3235","984067"
"80","male","Chicago, IL","6","5","0","0","0","667","549238"
"20","male","Chicago, IL","9","2","0","0","0","2629","330870"
"39","female","Dearborn, MI","0","2","0","0","0","1432","625543"
"139","female","Chicago, IL","17","2","0","0","0","1767","587520"
"954","female","Chicago IL.","13","3","0","0","0","3219","218032"
"101","male","Chicago, IL","5","2","0","0","0","2172","138981"
"22","female","Cleveland, Ohio","0","3","0","0","0","1059","629760"
"15","male","Chicago, IL","1","2","0","0","0","1193","244141"
"27","female","Chicago, IL","22","2","0","0","0","1302","423033"
"169","male","Cook, IL","2","6","0","0","0","2713","137018"
"31","male","Chicago, IL","7","2","0","0","0","714","838144"
"43","female","Schaumburg, IL","1","2","0","0","0","282","473898"
"50","female","Chicago, IL","0","2","0","0","0","619","780643"
"19","male","Chicago, IL","6","5","0","0","0","6885","885492"
"22","male","Gurnee, IL","4","2","0","0","0","217","901049"
"46","male","Boston, MA","6","6","0","0","0","603","591067"
"222","male","Chicago, IL","6","2","0","0","0","896","557810"
"108","female","Hoffman Estates, IL","11","3","0","0","0","3306","508137"
"38","female","Aurora, IL","0","2","0","0","0","399","146138"
"108","male","Streamwood, IL","17","2","0","0","0","4246","644851"
"22","female","NY","1","2","0","0","0","121","230432"
"189","female","Milwaukee, WI","36","7","0","0","0","4859","612655"
"59","male","Chicago, IL","8","4","0","0","0","3443","691821"
"61","female","Houston, TX","5","2","0","0","0","1679","891140"
"145","male","Las Vegas, NV","4","2","0","0","0","1264","719594"
"71","female","Chicago, il","6","3","0","0","0","7340","509862"
"29","male","Joliet, IL","2","2","0","0","0","485","763973"
"62","female","Chicago, IL","19","3","0","0","0","3141","864731"
"236","male","Chicago, IL","6","7","0","0","0","4171","510838"
"187","female","Iowa City, IA","10","2","0","0","0","928","145064"
"107","male","Chicago, IL","3","3","0","0","0","1957","545863"
"93","female","Chicago ","3","3","0","0","0","436","495385"
"28","male","Miami, FL","1","5","0","0","0","1262","639911"
"10","female","Chicago, IL","10","8","0","0","0","1053","976211"
"342","male","Morton Grove, IL","3","5","0","0","0","530","923137"
"77","female","Cleveland, OH","5","3","0","0","0","3202","466632"
"55","female","Chicago, IL","5","2","0","0","0","1703","609529"
"133","male","Chicago, IL","2","2","0","0","0","376","217499"
"127","female","'Merica","12","2","0","0","0","1151","597594"
"7","male","River Forest, IL","3","2","0","0","0","458","960032"
"91","male","Chicago, IL","70","2","0","0","0","2138","995035"
"110","male","Bronx, NY","4","7","0","0","0","5897","578315"
"60","male","Chicago ","3","2","0","0","0","3754","102607"
"31","female","Burbank, IL","1","2","0","0","0","269","949903"
"33","female","Chicago, IL","0","2","0","0","0","399","415503"
"124","male","Chicago, IL","3","8","0","0","0","2352","762032"
"99","female","Chicago, Illinois","6","2","0","0","0","1205","737424"
"44","male","🇺🇸 USA","0","2","0","0","0","1165","521989"
"70","female","Chicago, IL","2","2","0","0","0","1322","635196"
"38","female","Chicago, IL","1","2","0","0","0","717","104076"
"39","female","Unnamed Location","19","2","0","0","0","2324","105974"
"19","female","Aurora, IL","0","4","0","0","0","284","428985"
"9","female","Niles, IL","1","2","0","0","0","1569","436971"
"108","male","Chicago, IL","50","4","0","0","0","1860","853415"
"60","male","Quezon City, Philippines","128","3","0","0","0","2087","591511"
"65","male","Chicago, IL","3","2","0","0","0","2039","145072"
"22","female","Pittsburgh, PA","4","2","0","0","0","1482","312688"
"79","female","Chicago, IL","9","2","0","0","0","3007","478338"
"12","female","Chicago","0","2","0","0","0","218","900190"
"90","female","Arlington, TX","1","3","0","0","0","2036","738348"
"132","male","Chicago, IL","1","2","0","0","0","204","461915"
"244","male","Chicago, IL","5","2","0","0","0","545","855336"
"41","male","Chicago, IL","3","2","0","0","0","1871","559121"
"60","male","Johns Creek, GA","8","4","0","0","0","6170","226839"
"0","male","Chicago, Illinois","0","5","0","0","0","0","711344"
"391","male","Chesterton, IN","41","3","0","0","0","7368","156861"
"107","male","Chicago, IL","4","2","0","0","0","1441","244449"
"28","male","Chicago, IL","6","6","0","0","0","1863","626105"
"102","male","Chicago, IL","2","2","0","0","0","1349","954571"
"67","male","Chicago, IL","1","3","0","0","0","893","400597"
"35","male","Benton Harbor, MI","0","2","0","0","0","961","746099"
"84","male","Chicago, Illinois","0","6","0","0","0","6824","208009"
"36","female","Chicago, IL","0","12","0","0","0","942","679070"
"50","male","CHICAGO","20","2","0","0","0","2365","958173"
"67","female","Chicago, IL","17","2","0","0","0","2414","742431"
"57","female","Philadelphia, PA","0","2","0","0","0","96","273231"
"64","female","Minneapolis, MN","12","6","0","0","0","1202","748035"
"88","female","Distrito Federal","0","2","0","0","0","232","743100"
"36","female","Chicago, IL","11","5","0","0","0","2899","581571"
"27","female","Chicago, IL","3","2","0","0","0","824","211607"
"82","female","Chicago","4","2","0","0","0","1189","972311"
"98","female","Chicago, IL","0","2","0","0","0","771","913133"
"41","male","Chicago, IL","0","2","0","0","0","249","444922"
"189","male","Chicago, IL","13","2","0","0","0","2735","424590"
"54","None","Chicago, IL","0","2","0","0","0","1442","348944"
"27","male","Grandville, MI","3","2","0","0","0","3173","688095"
"63","male","Nashville, TN","1","2","0","0","0","853","833197"
"15","female","Columbia, MO","1","2","0","0","0","404","560655"
"19","female","Chicago, IL","5","15","0","0","0","1056","466008"
"6","female","Chicago, IL","3","2","0","0","0","92","895693"
"74","male","Chicago, Illinois","13","2","0","0","0","4431","234873"
"119","female","Chicago, IL","9","2","0","0","0","1238","226189"
"72","male","Chicago, IL","4","2","0","0","0","1781","622851"
"132","female","Chicago, IL","6","2","0","0","0","515","592731"
"91","female","Chicago, IL","24","4","0","0","0","7591","924609"
"55","male","Chicago, IL","14","3","0","0","0","965","247921"
"61","male","Cleveland, OH","14","2","0","0","0","6106","851478"
"22","male","Miami, FL","18","7","0","0","0","3870","310933"
"22","female","Chicago, IL","0","2","0","0","0","311","782877"
"116","male","Chicago, IL","7","2","0","0","0","1143","906670"
"53","male","Maywood, IL","2","2","0","0","0","700","122647"
"92","female","Chicago, IL","7","17","0","0","0","1906","208341"
"27","female","Calumet Park, IL","18","2","0","0","0","607","275894"
"276","male","Chicago, IL","7","2","0","0","0","3139","944899"
"0","female","Chicago, IL","0","2","0","0","0","45","829508"
"46","female","Anaheim, CA","77","2","0","0","0","2027","584793"
"140","male","DeKalb, IL","5","3","0","0","0","6729","550459"
"64","female","Chicago, IL","11","3","0","0","0","2689","142767"
"81","female","chicago illinois usa usually","41","7","0","0","0","2062","808055"
"91","female","Oak Lawn, IL","8","5","0","0","0","1358","650705"
"7","male","Evanston, IL","8","2","0","0","0","529","598224"
"16","male","Chicago, IL","7","2","0","0","0","1591","131847"
"111","male","Minneapolis, MN","5","3","0","0","0","1872","156898"
"129","male","Chicago, IL","19","3","0","0","0","8755","544270"
"32","male","Chicago, IL","2","2","0","0","0","505","191643"
"56","male","Chicago, IL","4","2","0","0","0","3686","611552"
"28","female","Chicago, Illinois","10","8","0","0","0","328","999575"
"209","female","Wheaton, IL","5","3","0","0","0","8298","828340"
"59","female","Chicago, IL","0","5","0","0","0","1372","957963"
"62","male","Wilmot, WI","4","2","0","0","0","3513","418861"
"144","male","Chicago, IL","0","2","0","0","0","3881","806932"
"39","male","Chicago, IL","24","3","0","0","0","1797","859317"
"186","female","Chicago, IL","12","3","0","0","0","5713","979351"
"11","female","Chicago, IL","12","10","0","0","0","3190","848463"
"58","female","Chicago, IL","2","2","0","0","0","1258","889787"
"13","male","Rockford, IL","19","2","0","0","0","2676","755503"
"26","male","Lynnwood, WA","19","2","0","0","0","1224","440364"
"98","female","Chicago, IL","25","2","0","0","0","2055","873141"
"56","male","Mt Pleasant, IA","6","2","0","0","0","992","734581"
"182","male","Chicago, IL United States","1","2","0","0","0","219","650746"
"54","female","Chicago, IL","0","2","0","0","0","1010","696991"
"13","male","Chicago, IL","5","2","0","0","0","532","190097"
"161","male","Kansas City, Missouri","10","2","0","0","0","2085","794856"
"62","male","New York, NY","292","3","0","0","0","5711","314544"
"22","male","Chicago, IL","13","2","0","0","0","754","386140"
"36","female","Chicago, IL","4","10","0","0","0","435","778673"
"52","male","Stamford, CT","4","2","0","0","0","4870","939349"
"43","female","Atlanta, GA","12","3","0","0","0","1329","671058"
"27","male","Chicago, IL","0","2","0","0","0","556","264102"
"22","male","Chicago, IL","2","2","0","0","0","1016","648782"
"31","female","Chicago, IL","0","2","0","0","0","306","424762"
"26","male","Miami","10","2","0","0","0","587","376973"
"48","male","Chicago, IL","3","4","0","0","0","1419","675407"
"152","male","CHICAGO, IL","1","3","0","0","0","4965","593249"
"56","female","Chicago, IL","7","3","0","0","0","3207","125319"
"59","male","Chicago, IL","5","3","0","0","0","910","714175"
"10","male","Chicago,","2","2","0","0","0","682","243814"
"169","female","Chicago, IL","25","8","0","0","0","7205","744538"
"56","female","Kansas City, MO","2","2","0","0","0","843","533541"
"12","male","Chicago, IL","3","3","0","0","0","1765","609284"
"163","male","Chicago, IL","9","2","0","0","0","2913","306676"
"37","female","Chicago, Illinois","1","3","0","0","0","4928","459385"
"41","male","Chicago, IL","3","2","0","0","0","552","589260"
"28","female","Chicago, IL","23","2","0","0","0","5663","477447"
"55","female","Chicago, IL","3","2","0","0","0","161","776871"
"24","male","Geneva, Illinois","2","2","0","0","0","1578","940283"
"148","male","Portland, OR","2","2","0","0","0","442","327057"
"43","male","Chicago, IL","83","6","0","0","0","7404","433862"
"45","female","Chicago, IL","35","5","0","0","0","7183","247997"
"3","male","Chicago, IL","4","2","0","0","0","145","329273"
"159","female","Chicago, IL","4","3","0","0","0","1297","906736"
"94","female","Chicago, IL","2","14","0","0","0","863","523310"
"73","female","Chicago, IL","4","2","0","0","0","1209","552760"
"24","male","Chicago, IL","3","3","0","0","0","1055","498051"
"30","female","Chicago, IL","0","2","0","0","0","1247","558670"
"366","male","Chicago, Il","24","2","0","0","0","2199","192229"
"20","female","Chicago","0","2","0","0","0","152","768046"
"41","female","Oak Park, Illinois ","2","5","0","0","0","2645","398594"
"46","male","CHICAGO, IL","1","2","0","0","0","823","229566"
"50","male","Chicago, IL","1","2","0","0","0","506","201543"
"29","female","Chicago, IL","30","5","0","0","0","1503","194852"
"82","male","Chicago, IL","20","17","0","0","0","3284","285854"
"87","female","Chicago, IL","27","5","0","0","0","5397","293329"
"28","female","Lagrange, IL","0","2","0","0","0","809","875800"
"35","female","Chicago, IL","1","4","0","0","0","1828","292356"
"120","female","Chicago, IL","12","2","0","0","0","4937","718318"
"126","female","Chicago, IL","5","3","0","0","0","1364","130285"
"47","female","Chicago, IL","15","5","0","0","0","1526","818346"
"210","female","Chicago, IL","1","4","0","0","0","1014","364029"
"113","male","Chicago, IL","6","19","0","0","0","6352","849143"
"102","female","Brooklyn, NY","1","2","0","0","0","1862","110699"
"96","female","Chicago, IL","75","2","0","0","0","3029","284169"
"7","male","Chicago, IL","6","2","0","0","0","1062","114535"
"50","male","Chicago, IL","15","2","0","0","0","1463","234891"
"107","male","Chicago, IL","8","2","0","0","0","958","547379"
"35","male","Chicago, IL","0","3","0","0","0","2028","640599"
"20","male","Chicago, IL","10","2","0","0","0","457","418606"
"116","male","Chicago, Il","0","2","0","0","0","1353","601651"
"127","male","Dallas, TX","19","5","0","0","0","2930","129513"
"27","female","Chicago, IL","20","8","0","0","0","851","756541"
"505","male","Chicago, IL","24","23","0","0","0","2473","170106"
"15","male","Chicago","56","5","0","0","0","3529","632778"
"14","male","Chicago, IL","31","3","0","0","0","1933","105085"
"12","female","Chicago, IL","2","4","0","0","0","73","256281"
"34","male","Chicago, IL","1","2","0","0","0","491","276827"
"69","male","Chicago, IL","14","2","0","0","0","2159","889863"
"164","male","Chicago, IL","0","13","0","0","0","2227","539350"
"0","female","Chicago","0","2","0","0","0","380","432061"
"29","female","Arlington, VA","2","9","0","0","0","201","150095"
"67","male","Orland Park, IL","24","3","0","0","0","1579","315078"
"109","female","NY","4","7","0","0","0","669","218926"
"230","male","Chicago Ill","11","3","0","0","0","2235","695759"
"604","female","Chicago","13","3","0","0","0","5333","596738"
"5","male","None","0","2","0","0","0","52","700442"
"13","male","Chicago, IL","1","2","0","0","0","26","313893"
"149","female","Chicago, Il","32","3","0","0","0","7523","608299"
"148","male","Chicago, IL","12","4","0","0","0","2058","838939"
"39","female","Chicago, IL","1","5","0","0","0","514","164767"
"14","female","Chicago,Il","12","7","0","0","0","1413","667453"
"69","male","Chicago, IL","6","2","0","0","0","702","244508"
"111","female","Chicago & Wichita","13","18","0","0","0","4965","594273"
"21","male","Chicago, IL","2","2","0","0","0","788","233611"
"57","male","Miami, FL","12","2","0","0","0","3574","230713"
"32","female","Bangkok,Thailand.","0","2","0","0","0","93","261534"
"119","male","Chicago, IL","0","2","0","0","0","2035","218772"
"20","male","Chicago","16","3","0","0","0","2579","428057"
"208","male","Chicago, IL","6","2","0","0","0","1304","701987"
"52","female","Chicago, IL","2","2","0","0","0","522","294570"
"140","female","Chicago, IL","0","2","0","0","0","714","314293"
"146","female","Chicago,  IL","40","10","0","0","0","964","865801"
"41","female","San Antonio, TX","7","3","0","0","0","384","613426"
"124","female","Chicago, IL","6","7","0","0","0","834","423734"
"85","female","Chicago, IL","5","3","0","0","0","1912","309934"
"62","male","Rochester, WA","32","4","0","0","0","16548","395552"
"29","male","Chicago, IL","0","2","0","0","0","792","793858"
"12","None","Oak Brook, IL","0","2","0","0","0","861","823006"
"25","female","Warrenville, IL","26","5","0","0","0","5003","846906"
"12","female","Chicago, IL","2","2","0","0","0","64","559981"
"20","male","Chicago, IL","0","2","0","0","0","93","568213"
"50","female","Chicago, IL","1","2","0","0","0","1395","451108"
"263","male","Chicago, IL","6","2","0","0","0","945","744606"
"26","male","Chicago, Illinois","1","2","0","0","0","419","872073"
"64","female","Chicago","3","2","0","0","0","2129","685096"
"53","female","Highland, IN","1","2","0","0","0","4489","838280"
"80","male","Chicago, IL","7","2","0","0","0","1117","308362"
"168","female","The Gold Coast","1","2","0","0","0","899","878782"
"91","male","Chicago, IL","41","3","0","0","0","6202","805768"
"940","female","Chicago, IL","10","3","0","0","0","3835","907920"
"18","None","Chicago, IL","0","2","0","0","0","846","159664"
"103","male","Chicago, IL","4","2","0","0","0","932","534223"
"271","male","Chicago, IL","7","2","0","0","0","7254","557972"
"40","female","Illinois","3","2","0","0","0","501","754089"
"21","male","Chicago, IL","4","2","0","0","0","419","936639"
"149","female","Chicago, IL","46","5","0","0","0","5113","755028"
"60","male","Illinois","1","2","0","0","0","1920","589351"
"78","female","Chicago, IL","3","7","0","0","0","3402","527435"
"818","male","Chicago, IL","6","2","0","0","0","4105","485861"
"29","male","Schaumburg, IL","0","2","0","0","0","114","299489"
"39","female","Chicago, IL","4","2","0","0","0","1412","945126"
"188","female","Chicago, IL","0","6","0","0","0","2711","877247"
"41","female","Minneapolis, MN","0","2","0","0","0","1038","134862"
"48","male","Toronto, Ontario","11","2","0","0","0","2161","531507"
"13","None","Indiana","3","2","0","0","0","687","788979"
"42","female","Tuscaloosa, AL","3","2","0","0","0","1149","909815"
"10","male","Chicago, IL","1","2","0","0","0","599","106686"
"48","female","Chicago, IL","16","3","0","0","0","664","146565"
"41","male","Los Angeles, CA","4","3","0","0","0","591","282474"
"19","female","Illinois","24","3","0","0","0","1107","965720"
"24","female","Chicago, Illinois","3","2","0","0","0","416","462992"
"94","male","Chicago, IL","32","4","0","0","0","1397","657705"
"24","female","Chicago, IL","10","2","0","0","0","3885","712917"
"84","female","Chicago","10","2","0","0","0","1559","582648"
"87","male","Chicago, IL","4","2","0","0","0","3334","421686"
"37","female","San Dimas, CA","10","2","0","0","0","3338","880610"
"69","male","Chicago, IL","1","2","0","0","0","618","532920"
"24","female","Brookfield, IL","21","12","0","0","0","1858","609071"
"37","None","Chicago, il","5","2","0","0","0","300","309602"
"16","male","Chicago, IL","26","4","0","0","0","2933","396925"
"92","male","Chicago, IL","14","2","0","0","0","11371","907838"
"47","female","Highland Park, Illinois","2","2","0","0","0","936","157154"
"29","female","Chicago, IL","3","6","0","0","0","1729","770637"
"62","male","Cleveland, OH","0","2","0","0","0","838","262926"
"141","male","Chicago, IL","195","10","0","0","0","2107","696016"
"66","male","Chicago, IL","3","2","0","0","0","579","179422"
"117","female","Chicago","71","6","0","0","0","1312","772249"
"150","female","Chicago, IL","98","13","0","0","0","772","978304"
"25","female","Livonia, MI","1","2","0","0","0","336","542873"
"37","female","Chicago, Illinois","1","2","0","0","0","372","341533"
"24","female","Chicago, IL","0","2","0","0","0","866","347457"
"60","male","Chicago, IL","24","3","0","0","0","1594","304847"
"65","male","Chicago, IL","13","2","0","0","0","3644","791179"
"209","male","Chicago, IL","1","3","0","0","0","1582","142971"
"18","male","Chicago, IL","5","2","0","0","0","2854","104308"
"24","male","Chicago, IL","3","2","0","0","0","282","650661"
"87","female","Chicago, IL","9","8","0","0","0","2933","741731"
"24","female","Chicago, IL","1","5","0","0","0","819","162541"
"16","male","Chicago, IL","1","2","0","0","0","240","392395"
"66","male","Chicago, IL","9","4","0","0","0","1601","831058"
"53","male","Chicago, IL","7","2","0","0","0","140","164353"
"16","female","Chicago, IL","25","16","0","0","0","2513","212234"
"999","male","Miami Beachi, FL","482","60","0","0","0","45849","911565"
"53","male","Chicago, IL","22","2","0","0","0","1617","283968"
"56","male","Chicago IL","9","2","0","0","0","1703","436086"
"55","female","Chicago, IL","19","24","0","0","0","2490","605172"
"78","female","Kansas City, MO","49","2","0","0","0","2076","611650"
"429","male","Charlotte, North Carolina","19","2","0","0","0","3240","387674"
"331","female","Chicago, IL","108","10","0","0","0","5123","387856"
"37","male","Chicago, IL","34","2","0","0","0","5375","213975"
"96","female","Chicago, IL","1","2","0","0","0","1156","293899"
"161","female","Chicago, IL","0","16","0","0","0","1228","676086"
"366","male","Chicago","2","2","0","0","0","787","411498"
"16","male","chicago","3","2","0","0","0","1479","805342"
"247","male","Chicago, Illinois","0","2","0","0","0","2429","301993"
"81","male","Chicago, IL","13","9","0","0","0","1837","572275"
"12","male","Chicago, IL","5","2","0","0","0","1618","307482"
"51","female","Geneva, IL","8","2","0","0","0","540","613730"
"47","male","Chicago, IL","8","2","0","0","0","1567","745525"
"38","male","Chicago, IL","7","2","0","0","0","1273","658175"
"165","female","Chicago, IL","1","2","0","0","0","6220","868845"
"132","female","Ar Riyad","0","4","0","0","0","384","308810"
"191","female","Chicago, IL","21","53","0","0","0","6524","853479"
"23","female","Chicago, IL","2","2","0","0","0","976","823958"
"203","male","Chicago, IL","18","2","0","0","0","3172","895878"
"85","female","Chicago, IL","64","15","0","0","0","1013","753446"
"135","female","Plainfield, IL","42","2","0","0","0","3374","351645"
"987","male","3125025068","11","2","0","0","0","2006","559372"
"101","male","Columbia, SC","22","3","0","0","0","4959","380385"
"34","male","Chicago, IL","2","2","0","0","0","3197","318279"
"27","male","Chicago, IL","2","2","0","0","0","956","463168"
"81","male","Chicago, IL","9","2","0","0","0","1439","968721"
"154","female","Chicago, IL","1","3","0","0","0","456","189973"
"113","male","Elkhart, IN","16","6","0","0","0","3311","153048"
"63","male","Chicago, Illinois","11","3","0","0","0","2232","943290"
"95","male","Chicago, il","1","3","0","0","0","4063","289281"
"86","male","Chicago, IL","40","2","0","0","0","4501","879519"
"130","male","Chicago, IL","10","3","0","0","0","3582","941405"
"102","male","None","15","3","0","0","0","5337","256915"
"131","male","Chicago, IL","35","5","0","0","0","7169","150700"
"192","male","Schaumburg, IL","5","2","0","0","0","1266","301495"
"113","female","Chicago, IL","21","3","0","0","0","2050","453002"
"228","female","AlRiyadh/Chicago ","1","2","0","0","0","469","249490"
"95","female","Chicago, IL","9","2","0","0","0","904","966470"
"53","female","Chicago, IL","6","2","0","0","0","2956","434407"
"14","female","Chicago, IL","4","3","0","0","0","602","957532"
"45","female","Chicago, IL","23","2","0","0","0","358","318016"
"192","male","Chicago, IL","5","4","0","0","0","1483","209794"
"299","male","Chicago, IL","29","2","0","0","0","2787","733891"
"53","male","Chicago, IL","1","15","0","0","0","1539","447432"
"425","male","Chicago, IL","8","3","0","0","0","2392","569203"
"77","female","Chicago, IL","17","5","0","0","0","1168","246991"
"78","female","Chicago, IL","3","14","0","0","0","780","315423"
"8","female","Chicago, IL","5","2","0","0","0","1053","127234"
"581","female","Chicago, IL","26","45","0","0","0","4511","860136"
"19","female","Chicago, IL","1","2","0","0","0","267","125088"
"43","male","Chicago ","0","2","0","0","0","1446","159043"
"25","female","Chicago, IL","31","3","0","0","0","856","525932"
"15","female","Chicago, IL","0","2","0","0","0","1226","209540"
"61","female","Chicago","3","2","0","0","0","1267","544914"
"61","female","Evanston, IL","16","2","0","0","0","976","738667"
"27","male","Pittsburgh, PA","11","2","0","0","0","1746","413272"
"39","female","Chicago, IL","10","2","0","0","0","279","193373"
"71","male","Chicago, IL","11","9","0","0","0","907","364633"
"37","male","Chicago, IL","87","7","0","0","0","2144","318332"
"29","female","Chicago, Illinois","1","2","0","0","0","841","516312"
"112","male","Chicago","2","4","0","0","0","2617","672982"
"566","male","Chicago. IL","120","13","0","0","0","3804","331154"
"273","female","Chicago, IL","35","40","0","0","0","3076","418208"
"372","male","San Diego, CA","8","2","0","0","0","645","263118"
"44","male","Chicago, Illinois","2","2","0","0","0","1462","310808"
"6","female","Chicago, IL","8","5","0","0","0","5783","858522"
"14","female","Chicago, IL","0","2","0","0","0","252","263613"
"20","male","New Orleans, LA","4","2","0","0","0","514","965783"
"536","male","Tenente Ananias, RN","1","2","0","0","0","4821","185284"
"87","female","Chicago, IL","10","3","0","0","0","747","315173"
"40","female","Morelia, MIC","3","2","0","0","0","1903","280019"
"90","male","Cleveland, OH","2","2","0","0","0","4660","907286"
"390","male","Muğla, 48","2","2","0","0","0","493","102399"
"53","female","Chicago, IL","3","5","0","0","0","1649","702134"
"28","female","Chicago, IL","4","3","0","0","0","396","940890"
"110","male","Chicago, IL","11","12","0","0","0","5047","931599"
"35","female","Chicago, IL","2","2","0","0","0","627","837225"
"38","None","None","41","3","0","0","0","830","424969"
"152","female","Chicago, IL","8","12","0","0","0","2142","361372"
"82","female","Austin, TX","29","9","0","0","0","4041","374446"
"19","female","Chicago, IL","3","2","0","0","0","133","472458"
"41","female","Chicago, IL","1","2","0","0","0","949","869650"
"71","female","Chicago, IL","3","2","0","0","0","1926","298997"
"63","male","Chicago, IL","13","2","0","0","0","1977","334020"
"18","female","Campbell, CA","0","2","0","0","0","592","620562"
"161","male","Chicago , IL","0","2","0","0","0","879","149002"
"33","female","Chicago, IL","6","2","0","0","0","1029","553351"
"53","male","Chicago, IL","13","3","0","0","0","563","841110"
"641","male","Dallas, TX","6","2","0","0","0","5004","306385"
"65","male","Chicago, Illinois","17","2","0","0","0","5003","435745"
"47","male","Chicago, Illinois","2","2","0","0","0","73","824774"
"255","female","Chicago, IL","37","7","0","0","0","1339","672991"
"102","female","Chicago, IL","5","4","0","0","0","2011","832881"
"69","female","Chicago, Illinois","7","2","0","0","0","429","377521"
"31","female","Chicago, IL","0","2","0","0","0","1434","845047"
"45","female","Chicago, IL","1","2","0","0","0","83","506397"
"29","female","Austin, TX","0","2","0","0","0","865","607020"
"109","female","Chicago, IL","4","3","0","0","0","3887","558669"
"48","female","Streamwood, IL","5","3","0","0","0","516","868282"
"184","male","Chicago, IL","5","2","0","0","0","2782","821349"
"115","female","Chicago, IL","7","2","0","0","0","2297","992109"
"59","male","Chicago, IL","4","3","0","0","0","2265","854047"
"59","female","Chicago, IL","4","3","0","0","0","1448","334538"
"50","female","Chicago, IL","36","6","0","0","0","1218","389938"
"6","female","Chicago, IL","0","2","0","0","0","1138","448651"
"36","female","Chicago, IL","5","2","0","0","0","927","500864"
"87","female","Chicago, IL","15","9","0","0","0","4309","953490"
"66","male","Berwyn,  IL","14","10","0","0","0","3079","510314"
"19","female","Chicago, IL","0","2","0","0","0","1290","309929"
"21","female","Chicago, IL","0","3","0","0","0","456","362603"
